{
	"credit": "Made with Blockbench",
	"textures": {
		"0": "block/texture",
		"2": "block/texture",
		"particle": "block/texture"
	},
	"elements": [
		{
			"name": "stem",
			"from": [7, 6, 14],
			"to": [9, 14, 16],
			"faces": {
				"north": {"uv": [0, 0, 2, 8], "texture": "#0"},
				"east": {"uv": [2, 0, 4, 8], "texture": "#0"},
				"south": {"uv": [4, 0, 6, 8], "texture": "#0"},
				"west": {"uv": [6, 0, 8, 8], "texture": "#0"},
				"up": {"uv": [2, 10, 0, 8], "texture": "#0"},
				"down": {"uv": [10, 0, 8, 2], "texture": "#0"}
			}
		},
		{
			"from": [6, 10, 14],
			"to": [7, 13, 15],
			"faces": {
				"north": {"uv": [0, 0, 1, 3], "texture": "#2"},
				"east": {"uv": [1, 0, 2, 3], "texture": "#2"},
				"south": {"uv": [2, 0, 3, 3], "texture": "#2"},
				"west": {"uv": [0, 3, 1, 6], "texture": "#2"},
				"up": {"uv": [1, 13, 0, 12], "texture": "#2"},
				"down": {"uv": [13, 0, 12, 1], "texture": "#2"}
			}
		},
		{
			"from": [8, 10, 13],
			"to": [9, 13, 14],
			"faces": {
				"north": {"uv": [3, 0, 4, 3], "texture": "#2"},
				"east": {"uv": [1, 3, 2, 6], "texture": "#2"},
				"south": {"uv": [2, 3, 3, 6], "texture": "#2"},
				"west": {"uv": [3, 3, 4, 6], "texture": "#2"},
				"up": {"uv": [2, 13, 1, 12], "texture": "#2"},
				"down": {"uv": [13, 1, 12, 2], "texture": "#2"}
			}
		},
		{
			"from": [9, 8, 14],
			"to": [10, 11, 15],
			"faces": {
				"north": {"uv": [4, 0, 5, 3], "texture": "#2"},
				"east": {"uv": [4, 3, 5, 6], "texture": "#2"},
				"south": {"uv": [5, 0, 6, 3], "texture": "#2"},
				"west": {"uv": [5, 3, 6, 6], "texture": "#2"},
				"up": {"uv": [3, 13, 2, 12], "texture": "#2"},
				"down": {"uv": [13, 2, 12, 3], "texture": "#2"}
			}
		},
		{
			"from": [9, 4, 14],
			"to": [10, 7, 15],
			"faces": {
				"north": {"uv": [0, 6, 1, 9], "texture": "#2"},
				"east": {"uv": [6, 0, 7, 3], "texture": "#2"},
				"south": {"uv": [1, 6, 2, 9], "texture": "#2"},
				"west": {"uv": [2, 6, 3, 9], "texture": "#2"},
				"up": {"uv": [4, 13, 3, 12], "texture": "#2"},
				"down": {"uv": [13, 3, 12, 4], "texture": "#2"}
			}
		},
		{
			"from": [9, 6, 15],
			"to": [10, 9, 16],
			"faces": {
				"north": {"uv": [3, 6, 4, 9], "texture": "#2"},
				"east": {"uv": [6, 3, 7, 6], "texture": "#2"},
				"south": {"uv": [4, 6, 5, 9], "texture": "#2"},
				"west": {"uv": [5, 6, 6, 9], "texture": "#2"},
				"up": {"uv": [5, 13, 4, 12], "texture": "#2"},
				"down": {"uv": [13, 4, 12, 5], "texture": "#2"}
			}
		},
		{
			"from": [9, 10, 15],
			"to": [10, 13, 16],
			"faces": {
				"north": {"uv": [6, 6, 7, 9], "texture": "#2"},
				"east": {"uv": [7, 0, 8, 3], "texture": "#2"},
				"south": {"uv": [7, 3, 8, 6], "texture": "#2"},
				"west": {"uv": [7, 6, 8, 9], "texture": "#2"},
				"up": {"uv": [6, 13, 5, 12], "texture": "#2"},
				"down": {"uv": [13, 5, 12, 6], "texture": "#2"}
			}
		},
		{
			"from": [7, 8, 13],
			"to": [8, 11, 14],
			"faces": {
				"north": {"uv": [8, 0, 9, 3], "texture": "#2"},
				"east": {"uv": [8, 3, 9, 6], "texture": "#2"},
				"south": {"uv": [8, 6, 9, 9], "texture": "#2"},
				"west": {"uv": [0, 9, 1, 12], "texture": "#2"},
				"up": {"uv": [7, 13, 6, 12], "texture": "#2"},
				"down": {"uv": [13, 6, 12, 7], "texture": "#2"}
			}
		},
		{
			"from": [7, 4, 13],
			"to": [8, 7, 14],
			"faces": {
				"north": {"uv": [9, 0, 10, 3], "texture": "#2"},
				"east": {"uv": [1, 9, 2, 12], "texture": "#2"},
				"south": {"uv": [2, 9, 3, 12], "texture": "#2"},
				"west": {"uv": [3, 9, 4, 12], "texture": "#2"},
				"up": {"uv": [8, 13, 7, 12], "texture": "#2"},
				"down": {"uv": [13, 7, 12, 8], "texture": "#2"}
			}
		},
		{
			"from": [8, 6, 13],
			"to": [9, 9, 14],
			"faces": {
				"north": {"uv": [9, 3, 10, 6], "texture": "#2"},
				"east": {"uv": [4, 9, 5, 12], "texture": "#2"},
				"south": {"uv": [5, 9, 6, 12], "texture": "#2"},
				"west": {"uv": [6, 9, 7, 12], "texture": "#2"},
				"up": {"uv": [9, 13, 8, 12], "texture": "#2"},
				"down": {"uv": [13, 8, 12, 9], "texture": "#2"}
			}
		},
		{
			"from": [6, 8, 15],
			"to": [7, 11, 16],
			"faces": {
				"north": {"uv": [9, 6, 10, 9], "texture": "#2"},
				"east": {"uv": [7, 9, 8, 12], "texture": "#2"},
				"south": {"uv": [8, 9, 9, 12], "texture": "#2"},
				"west": {"uv": [9, 9, 10, 12], "texture": "#2"},
				"up": {"uv": [10, 13, 9, 12], "texture": "#2"},
				"down": {"uv": [13, 9, 12, 10], "texture": "#2"}
			}
		},
		{
			"from": [6, 4, 15],
			"to": [7, 7, 16],
			"faces": {
				"north": {"uv": [10, 0, 11, 3], "texture": "#2"},
				"east": {"uv": [10, 3, 11, 6], "texture": "#2"},
				"south": {"uv": [10, 6, 11, 9], "texture": "#2"},
				"west": {"uv": [10, 9, 11, 12], "texture": "#2"},
				"up": {"uv": [11, 13, 10, 12], "texture": "#2"},
				"down": {"uv": [13, 10, 12, 11], "texture": "#2"}
			}
		},
		{
			"from": [6, 6, 14],
			"to": [7, 9, 15],
			"faces": {
				"north": {"uv": [11, 0, 12, 3], "texture": "#2"},
				"east": {"uv": [11, 3, 12, 6], "texture": "#2"},
				"south": {"uv": [11, 6, 12, 9], "texture": "#2"},
				"west": {"uv": [11, 9, 12, 12], "texture": "#2"},
				"up": {"uv": [12, 13, 11, 12], "texture": "#2"},
				"down": {"uv": [13, 11, 12, 12], "texture": "#2"}
			}
		}
	],
	"groups": [
		0,
		{
			"name": "bananas2",
			"origin": [0, 0, 0],
			"color": 0,
			"children": [1, 2, 3, 4, 5, 6, 7, 8, 9, 10, 11, 12]
		}
	]
}