{
	"credit": "Made with Blockbench",
	"textures": {
		"0": "block/texture",
		"3": "block/texture",
		"particle": "block/texture"
	},
	"elements": [
		{
			"name": "stem",
			"from": [7, 6, 14],
			"to": [9, 14, 16],
			"faces": {
				"north": {"uv": [0, 0, 2, 8], "texture": "#0"},
				"east": {"uv": [2, 0, 4, 8], "texture": "#0"},
				"south": {"uv": [4, 0, 6, 8], "texture": "#0"},
				"west": {"uv": [6, 0, 8, 8], "texture": "#0"},
				"up": {"uv": [2, 10, 0, 8], "texture": "#0"},
				"down": {"uv": [10, 0, 8, 2], "texture": "#0"}
			}
		},
		{
			"from": [5, 9, 13],
			"to": [6, 12, 14],
			"faces": {
				"north": {"uv": [0, 0, 1, 3], "texture": "#3"},
				"east": {"uv": [1, 0, 2, 3], "texture": "#3"},
				"south": {"uv": [2, 0, 3, 3], "texture": "#3"},
				"west": {"uv": [0, 3, 1, 6], "texture": "#3"},
				"up": {"uv": [1, 13, 0, 12], "texture": "#3"},
				"down": {"uv": [13, 0, 12, 1], "texture": "#3"}
			}
		},
		{
			"from": [6, 12, 14],
			"to": [7, 13, 15],
			"faces": {
				"north": {"uv": [1, 12, 2, 13], "texture": "#3"},
				"east": {"uv": [12, 1, 13, 2], "texture": "#3"},
				"south": {"uv": [2, 12, 3, 13], "texture": "#3"},
				"west": {"uv": [12, 2, 13, 3], "texture": "#3"},
				"up": {"uv": [4, 13, 3, 12], "texture": "#3"},
				"down": {"uv": [13, 3, 12, 4], "texture": "#3"}
			}
		},
		{
			"from": [9, 9, 12],
			"to": [10, 12, 13],
			"faces": {
				"north": {"uv": [3, 0, 4, 3], "texture": "#3"},
				"east": {"uv": [1, 3, 2, 6], "texture": "#3"},
				"south": {"uv": [2, 3, 3, 6], "texture": "#3"},
				"west": {"uv": [3, 3, 4, 6], "texture": "#3"},
				"up": {"uv": [5, 13, 4, 12], "texture": "#3"},
				"down": {"uv": [13, 4, 12, 5], "texture": "#3"}
			}
		},
		{
			"from": [8, 12, 13],
			"to": [9, 13, 14],
			"faces": {
				"north": {"uv": [5, 12, 6, 13], "texture": "#3"},
				"east": {"uv": [12, 5, 13, 6], "texture": "#3"},
				"south": {"uv": [6, 12, 7, 13], "texture": "#3"},
				"west": {"uv": [12, 6, 13, 7], "texture": "#3"},
				"up": {"uv": [8, 13, 7, 12], "texture": "#3"},
				"down": {"uv": [13, 7, 12, 8], "texture": "#3"}
			}
		},
		{
			"from": [7, 7, 12],
			"to": [8, 10, 13],
			"faces": {
				"north": {"uv": [4, 0, 5, 3], "texture": "#3"},
				"east": {"uv": [4, 3, 5, 6], "texture": "#3"},
				"south": {"uv": [5, 0, 6, 3], "texture": "#3"},
				"west": {"uv": [5, 3, 6, 6], "texture": "#3"},
				"up": {"uv": [9, 13, 8, 12], "texture": "#3"},
				"down": {"uv": [13, 8, 12, 9], "texture": "#3"}
			}
		},
		{
			"from": [7, 10, 13],
			"to": [8, 11, 14],
			"faces": {
				"north": {"uv": [9, 12, 10, 13], "texture": "#3"},
				"east": {"uv": [12, 9, 13, 10], "texture": "#3"},
				"south": {"uv": [10, 12, 11, 13], "texture": "#3"},
				"west": {"uv": [12, 10, 13, 11], "texture": "#3"},
				"up": {"uv": [12, 13, 11, 12], "texture": "#3"},
				"down": {"uv": [13, 11, 12, 12], "texture": "#3"}
			}
		},
		{
			"from": [10, 7, 13],
			"to": [11, 10, 14],
			"faces": {
				"north": {"uv": [0, 6, 1, 9], "texture": "#3"},
				"east": {"uv": [6, 0, 7, 3], "texture": "#3"},
				"south": {"uv": [1, 6, 2, 9], "texture": "#3"},
				"west": {"uv": [2, 6, 3, 9], "texture": "#3"},
				"up": {"uv": [13, 13, 12, 12], "texture": "#3"},
				"down": {"uv": [1, 13, 0, 14], "texture": "#3"}
			}
		},
		{
			"from": [9, 10, 14],
			"to": [10, 11, 15],
			"faces": {
				"north": {"uv": [13, 0, 14, 1], "texture": "#3"},
				"east": {"uv": [1, 13, 2, 14], "texture": "#3"},
				"south": {"uv": [13, 1, 14, 2], "texture": "#3"},
				"west": {"uv": [2, 13, 3, 14], "texture": "#3"},
				"up": {"uv": [14, 3, 13, 2], "texture": "#3"},
				"down": {"uv": [4, 13, 3, 14], "texture": "#3"}
			}
		},
		{
			"from": [10, 5, 15],
			"to": [11, 8, 16],
			"faces": {
				"north": {"uv": [3, 6, 4, 9], "texture": "#3"},
				"east": {"uv": [6, 3, 7, 6], "texture": "#3"},
				"south": {"uv": [4, 6, 5, 9], "texture": "#3"},
				"west": {"uv": [5, 6, 6, 9], "texture": "#3"},
				"up": {"uv": [14, 4, 13, 3], "texture": "#3"},
				"down": {"uv": [5, 13, 4, 14], "texture": "#3"}
			}
		},
		{
			"from": [9, 8, 15],
			"to": [10, 9, 16],
			"faces": {
				"north": {"uv": [13, 4, 14, 5], "texture": "#3"},
				"east": {"uv": [5, 13, 6, 14], "texture": "#3"},
				"south": {"uv": [13, 5, 14, 6], "texture": "#3"},
				"west": {"uv": [6, 13, 7, 14], "texture": "#3"},
				"up": {"uv": [14, 7, 13, 6], "texture": "#3"},
				"down": {"uv": [8, 13, 7, 14], "texture": "#3"}
			}
		},
		{
			"from": [10, 9, 15],
			"to": [11, 12, 16],
			"faces": {
				"north": {"uv": [6, 6, 7, 9], "texture": "#3"},
				"east": {"uv": [7, 0, 8, 3], "texture": "#3"},
				"south": {"uv": [7, 3, 8, 6], "texture": "#3"},
				"west": {"uv": [7, 6, 8, 9], "texture": "#3"},
				"up": {"uv": [14, 8, 13, 7], "texture": "#3"},
				"down": {"uv": [9, 13, 8, 14], "texture": "#3"}
			}
		},
		{
			"from": [9, 12, 15],
			"to": [10, 13, 16],
			"faces": {
				"north": {"uv": [13, 8, 14, 9], "texture": "#3"},
				"east": {"uv": [9, 13, 10, 14], "texture": "#3"},
				"south": {"uv": [13, 9, 14, 10], "texture": "#3"},
				"west": {"uv": [10, 13, 11, 14], "texture": "#3"},
				"up": {"uv": [14, 11, 13, 10], "texture": "#3"},
				"down": {"uv": [12, 13, 11, 14], "texture": "#3"}
			}
		},
		{
			"from": [9, 3, 14],
			"to": [10, 6, 15],
			"faces": {
				"north": {"uv": [8, 0, 9, 3], "texture": "#3"},
				"east": {"uv": [8, 3, 9, 6], "texture": "#3"},
				"south": {"uv": [8, 6, 9, 9], "texture": "#3"},
				"west": {"uv": [0, 9, 1, 12], "texture": "#3"},
				"up": {"uv": [14, 12, 13, 11], "texture": "#3"},
				"down": {"uv": [13, 13, 12, 14], "texture": "#3"}
			}
		},
		{
			"from": [9, 6, 14],
			"to": [10, 7, 15],
			"faces": {
				"north": {"uv": [13, 12, 14, 13], "texture": "#3"},
				"east": {"uv": [13, 13, 14, 14], "texture": "#3"},
				"south": {"uv": [0, 14, 1, 15], "texture": "#3"},
				"west": {"uv": [14, 0, 15, 1], "texture": "#3"},
				"up": {"uv": [2, 15, 1, 14], "texture": "#3"},
				"down": {"uv": [15, 1, 14, 2], "texture": "#3"}
			}
		},
		{
			"from": [7, 3, 12],
			"to": [8, 6, 13],
			"faces": {
				"north": {"uv": [9, 0, 10, 3], "texture": "#3"},
				"east": {"uv": [1, 9, 2, 12], "texture": "#3"},
				"south": {"uv": [2, 9, 3, 12], "texture": "#3"},
				"west": {"uv": [3, 9, 4, 12], "texture": "#3"},
				"up": {"uv": [3, 15, 2, 14], "texture": "#3"},
				"down": {"uv": [15, 2, 14, 3], "texture": "#3"}
			}
		},
		{
			"from": [7, 6, 13],
			"to": [8, 7, 14],
			"faces": {
				"north": {"uv": [3, 14, 4, 15], "texture": "#3"},
				"east": {"uv": [14, 3, 15, 4], "texture": "#3"},
				"south": {"uv": [4, 14, 5, 15], "texture": "#3"},
				"west": {"uv": [14, 4, 15, 5], "texture": "#3"},
				"up": {"uv": [6, 15, 5, 14], "texture": "#3"},
				"down": {"uv": [15, 5, 14, 6], "texture": "#3"}
			}
		},
		{
			"from": [9, 5, 12],
			"to": [10, 8, 13],
			"faces": {
				"north": {"uv": [9, 3, 10, 6], "texture": "#3"},
				"east": {"uv": [4, 9, 5, 12], "texture": "#3"},
				"south": {"uv": [5, 9, 6, 12], "texture": "#3"},
				"west": {"uv": [6, 9, 7, 12], "texture": "#3"},
				"up": {"uv": [7, 15, 6, 14], "texture": "#3"},
				"down": {"uv": [15, 6, 14, 7], "texture": "#3"}
			}
		},
		{
			"from": [8, 8, 13],
			"to": [9, 9, 14],
			"faces": {
				"north": {"uv": [7, 14, 8, 15], "texture": "#3"},
				"east": {"uv": [14, 7, 15, 8], "texture": "#3"},
				"south": {"uv": [8, 14, 9, 15], "texture": "#3"},
				"west": {"uv": [14, 8, 15, 9], "texture": "#3"},
				"up": {"uv": [10, 15, 9, 14], "texture": "#3"},
				"down": {"uv": [15, 9, 14, 10], "texture": "#3"}
			}
		},
		{
			"from": [6, 5, 13],
			"to": [7, 8, 14],
			"faces": {
				"north": {"uv": [9, 6, 10, 9], "texture": "#3"},
				"east": {"uv": [7, 9, 8, 12], "texture": "#3"},
				"south": {"uv": [8, 9, 9, 12], "texture": "#3"},
				"west": {"uv": [9, 9, 10, 12], "texture": "#3"},
				"up": {"uv": [11, 15, 10, 14], "texture": "#3"},
				"down": {"uv": [15, 10, 14, 11], "texture": "#3"}
			}
		},
		{
			"from": [6, 8, 14],
			"to": [7, 9, 15],
			"faces": {
				"north": {"uv": [11, 14, 12, 15], "texture": "#3"},
				"east": {"uv": [14, 11, 15, 12], "texture": "#3"},
				"south": {"uv": [12, 14, 13, 15], "texture": "#3"},
				"west": {"uv": [14, 12, 15, 13], "texture": "#3"},
				"up": {"uv": [14, 15, 13, 14], "texture": "#3"},
				"down": {"uv": [15, 13, 14, 14], "texture": "#3"}
			}
		},
		{
			"from": [5, 7, 15],
			"to": [6, 10, 16],
			"faces": {
				"north": {"uv": [10, 0, 11, 3], "texture": "#3"},
				"east": {"uv": [10, 3, 11, 6], "texture": "#3"},
				"south": {"uv": [10, 6, 11, 9], "texture": "#3"},
				"west": {"uv": [10, 9, 11, 12], "texture": "#3"},
				"up": {"uv": [15, 15, 14, 14], "texture": "#3"},
				"down": {"uv": [1, 15, 0, 16], "texture": "#3"}
			}
		},
		{
			"from": [6, 10, 15],
			"to": [7, 11, 16],
			"faces": {
				"north": {"uv": [15, 0, 16, 1], "texture": "#3"},
				"east": {"uv": [1, 15, 2, 16], "texture": "#3"},
				"south": {"uv": [15, 1, 16, 2], "texture": "#3"},
				"west": {"uv": [2, 15, 3, 16], "texture": "#3"},
				"up": {"uv": [16, 3, 15, 2], "texture": "#3"},
				"down": {"uv": [4, 15, 3, 16], "texture": "#3"}
			}
		},
		{
			"from": [5, 3, 15],
			"to": [6, 6, 16],
			"faces": {
				"north": {"uv": [11, 0, 12, 3], "texture": "#3"},
				"east": {"uv": [11, 3, 12, 6], "texture": "#3"},
				"south": {"uv": [11, 6, 12, 9], "texture": "#3"},
				"west": {"uv": [11, 9, 12, 12], "texture": "#3"},
				"up": {"uv": [16, 4, 15, 3], "texture": "#3"},
				"down": {"uv": [5, 15, 4, 16], "texture": "#3"}
			}
		},
		{
			"from": [6, 6, 15],
			"to": [7, 7, 16],
			"faces": {
				"north": {"uv": [15, 4, 16, 5], "texture": "#3"},
				"east": {"uv": [5, 15, 6, 16], "texture": "#3"},
				"south": {"uv": [15, 5, 16, 6], "texture": "#3"},
				"west": {"uv": [6, 15, 7, 16], "texture": "#3"},
				"up": {"uv": [16, 7, 15, 6], "texture": "#3"},
				"down": {"uv": [8, 15, 7, 16], "texture": "#3"}
			}
		}
	],
	"groups": [
		0,
		{
			"name": "bananas3",
			"origin": [0, 0, 0],
			"color": 0,
			"children": [
				{
					"name": "banan",
					"origin": [0, 0, 0],
					"color": 0,
					"children": [1, 2]
				},
				{
					"name": "banan",
					"origin": [0, 0, 0],
					"color": 0,
					"children": [3, 4]
				},
				{
					"name": "banan",
					"origin": [0, 0, 0],
					"color": 0,
					"children": [5, 6]
				},
				{
					"name": "banan",
					"origin": [0, 0, 0],
					"color": 0,
					"children": [7, 8]
				},
				{
					"name": "banan",
					"origin": [0, 0, 0],
					"color": 0,
					"children": [9, 10]
				},
				{
					"name": "banan",
					"origin": [0, 0, 0],
					"color": 0,
					"children": [11, 12]
				},
				{
					"name": "banan",
					"origin": [0, 0, 0],
					"color": 0,
					"children": [13, 14]
				},
				{
					"name": "banan",
					"origin": [0, 0, 0],
					"color": 0,
					"children": [15, 16]
				},
				{
					"name": "banan",
					"origin": [0, 0, 0],
					"color": 0,
					"children": [17, 18]
				},
				{
					"name": "banan",
					"origin": [0, 0, 0],
					"color": 0,
					"children": [19, 20]
				},
				{
					"name": "banan",
					"origin": [0, 0, 0],
					"color": 0,
					"children": [21, 22]
				},
				{
					"name": "banan",
					"origin": [0, 0, 0],
					"color": 0,
					"children": [23, 24]
				}
			]
		}
	]
}